"id","user_id","conversation_id","started_at","ended_at","duration_seconds","exchange_count","student_speaking_seconds","tutor_speaking_seconds","tts_characters","stt_seconds","language","status","class_id","is_test_session","tutor_mode"
"f806d69f-c804-4849-8fa5-54df1141bff7","49847136","903d14c3-4f70-4596-9d72-c7bbebdd9fa8","""2026-01-27T16:36:30.329Z""",,"107","0","0","0","0","0","spanish","active",,"true","main"
"52858b79-00d7-4b79-9ebf-de57aab4e68f","49847136","903d14c3-4f70-4596-9d72-c7bbebdd9fa8","""2026-01-27T16:31:27.641Z""","""2026-01-27T16:36:30.082Z""","302","0","0","0","0","0","spanish","completed",,"true","main"
"0c62413b-b8ba-48b0-9e00-120da86881c3","49847136","903d14c3-4f70-4596-9d72-c7bbebdd9fa8","""2026-01-27T16:26:26.287Z""","""2026-01-27T16:31:27.389Z""","301","0","0","0","0","0","spanish","completed",,"true","main"
"cacb03f9-ec78-49d5-a9f6-c1a46131bb02","49847136","aac0c770-818b-43db-a3b6-09328bc2b580","""2026-01-21T15:58:44.524Z""","""2026-01-27T16:26:26.033Z""","520061","0","0","0","0","0","spanish","completed",,"true","main"
"e8869dbb-082c-4907-a816-18682ef15708","49847136","1b67f398-ccf6-4244-8768-3a892e067413","""2026-01-21T07:46:52.801Z""","""2026-01-21T15:58:44.252Z""","29511","0","0","0","0","0","spanish","completed",,"true","main"
"465d7ee3-0223-404b-beae-483f91948db4","49847136","1b67f398-ccf6-4244-8768-3a892e067413","""2026-01-21T07:42:45.527Z""","""2026-01-21T07:46:52.566Z""","247","0","0","0","0","0","spanish","completed",,"true","main"
"34b4efb2-9d8e-42a6-9fd5-31bcda75a8bc","49847136","1b67f398-ccf6-4244-8768-3a892e067413","""2026-01-21T07:37:43.556Z""","""2026-01-21T07:42:45.283Z""","301","0","0","0","0","0","spanish","completed",,"true","main"
"e3acf5d8-35c2-4b59-bbd5-ddb1c8dce1d1","49847136","1b67f398-ccf6-4244-8768-3a892e067413","""2026-01-21T07:32:41.147Z""","""2026-01-21T07:37:43.231Z""","302","0","0","0","0","0","spanish","completed",,"true","main"
"d98e37be-ee37-43e2-bd6e-e7623b3c2c27","49847136","1b67f398-ccf6-4244-8768-3a892e067413","""2026-01-21T07:27:39.054Z""","""2026-01-21T07:32:40.905Z""","301","0","0","0","0","0","spanish","completed",,"true","main"
"6e0b0995-82fc-4563-8da5-6ef111299e5b","49847136","1b67f398-ccf6-4244-8768-3a892e067413","""2026-01-21T07:22:36.774Z""","""2026-01-21T07:27:38.725Z""","301","0","0","0","0","0","spanish","completed",,"true","main"
"5adb23ec-1b04-415f-9655-c02eeb94289a","49847136","1b67f398-ccf6-4244-8768-3a892e067413","""2026-01-21T07:17:34.645Z""","""2026-01-21T07:22:36.542Z""","301","0","0","0","0","0","spanish","completed",,"true","main"
"3558adec-4bd5-4f07-b0fb-72530dfadc34","49847136","541804ad-0506-4eb8-920e-7cb3720d6c4c","""2026-01-21T07:14:39.272Z""","""2026-01-21T07:17:34.391Z""","175","0","0","0","0","0","spanish","completed",,"true","main"
"29369d83-f179-433b-9542-21373ad84932","49847136","541804ad-0506-4eb8-920e-7cb3720d6c4c","""2026-01-21T07:09:37.137Z""","""2026-01-21T07:14:39.026Z""","301","0","0","0","0","0","spanish","completed",,"true","main"
"e6b14e8e-d4d8-484d-b049-feb11f5555a5","49847136","541804ad-0506-4eb8-920e-7cb3720d6c4c","""2026-01-21T07:04:34.891Z""","""2026-01-21T07:09:36.894Z""","302","0","0","0","0","0","spanish","completed",,"true","main"
"ab2c3c61-c35f-4611-8c9b-803caecbfd4f","49847136","541804ad-0506-4eb8-920e-7cb3720d6c4c","""2026-01-20T21:39:45.128Z""","""2026-01-21T07:04:34.640Z""","33889","0","0","0","0","0","spanish","completed",,"true","main"
"15aef827-6fb1-48a1-906c-2d8000a99d50","49847136","541804ad-0506-4eb8-920e-7cb3720d6c4c","""2026-01-20T21:34:42.966Z""","""2026-01-20T21:39:44.779Z""","301","0","0","0","0","0","spanish","completed",,"true","main"
"1403c72b-9dd5-4570-9f94-7df61c8ee892","49847136","b357e09f-c20e-440a-88cd-04b17b6e1da2","""2026-01-20T21:13:39.863Z""","""2026-01-20T21:34:42.701Z""","1262","0","0","0","0","0","spanish","completed",,"true","main"
"ad0c9d81-96fa-4aa3-bfa7-57d57a4480ac","49847136","7c397871-5edd-4e60-b5b8-51569a71c4c8","""2026-01-20T20:49:41.993Z""","""2026-01-20T21:13:39.599Z""","1437","0","0","0","0","0","spanish","completed",,"true","main"
"bf750dcb-7776-4e0c-a296-9ff5f823af0a","49847136","1ec2b676-43a3-4891-8b6d-30f28d50e7ad","""2026-01-20T18:23:25.839Z""","""2026-01-20T20:49:41.738Z""","8775","0","0","0","0","0","spanish","completed",,"true","main"
"7f0c7e19-d204-4df3-a9d3-25064c6f71c8","49847136","00d2be45-3a3c-4424-bbe4-ad49342d09a5","""2026-01-20T18:23:25.832Z""","""2026-01-20T20:49:41.493Z""","8775","0","0","0","0","0","spanish","completed",,"true","main"
"f4fff291-a1ef-4f8b-adfb-eca4ba7c70f0","49847136","00d2be45-3a3c-4424-bbe4-ad49342d09a5","""2026-01-20T03:52:33.646Z""","""2026-01-20T18:23:25.549Z""","52251","0","0","0","0","0","spanish","completed",,"true","main"
"de7926c8-190e-46dc-a614-78478e3b60d7","49847136","00d2be45-3a3c-4424-bbe4-ad49342d09a5","""2026-01-20T03:47:31.516Z""","""2026-01-20T03:52:33.385Z""","301","0","0","0","0","0","spanish","completed",,"true","main"
"f3a69cf7-6cf1-44cd-9715-5e23cf13cfad","49847136","00d2be45-3a3c-4424-bbe4-ad49342d09a5","""2026-01-20T03:42:29.360Z""","""2026-01-20T03:47:31.183Z""","301","0","0","0","0","0","spanish","completed",,"true","main"
"c1c0c661-6256-4ebe-b6ca-a874bc91ca23","49847136","00d2be45-3a3c-4424-bbe4-ad49342d09a5","""2026-01-20T03:37:27.095Z""","""2026-01-20T03:42:29.105Z""","302","0","0","0","0","0","spanish","completed",,"true","main"
"63dcf5b6-fba9-429e-ae50-e645fde139f9","49847136","00d2be45-3a3c-4424-bbe4-ad49342d09a5","""2026-01-20T03:32:24.893Z""","""2026-01-20T03:37:26.835Z""","301","0","0","0","0","0","spanish","completed",,"true","main"
"bcf3910d-1263-4a26-ab95-884ba692e697","49847136","00d2be45-3a3c-4424-bbe4-ad49342d09a5","""2026-01-20T03:27:22.471Z""","""2026-01-20T03:32:24.633Z""","302","0","0","0","0","0","spanish","completed",,"true","main"
"d6ffb546-ff0c-4d90-8849-c2fdacb92c7e","49847136","9897483e-f63d-4536-920d-3559b7e83bee","""2026-01-19T21:13:39.339Z""","""2026-01-19T21:35:59.861Z""","1340","0","0","0","0","0","spanish","completed",,"true","main"
"81c60eec-e319-4b4a-ad0e-4f99b8eb7115","49847136","9897483e-f63d-4536-920d-3559b7e83bee","""2026-01-16T03:01:46.555Z""","""2026-01-19T21:13:38.964Z""","324712","0","0","0","0","0","spanish","completed",,"true","main"
"6235807c-a55c-4d43-9828-050290e0c647","49847136","a1f9f8b1-2d24-40b3-8245-238cbfbc8577","""2026-01-10T02:30:40.013Z""","""2026-01-16T03:01:46.273Z""","520266","0","0","0","0","0","spanish","completed",,"true","main"
"caadcec2-e2a8-4c84-8edb-c5fff0a2595c","49847136","60097b16-e5f8-491c-9431-e32a46358851","""2026-01-10T16:14:31.829Z""","""2026-01-16T03:01:46.021Z""","470834","0","0","0","0","0","spanish","completed",,"false","main"
"aa701b17-6afc-4b20-9a27-564ce0009d71","49847136","c1836628-08cd-4328-9ec3-8ede950b53e3","""2026-01-14T03:16:10.127Z""","""2026-01-16T03:01:45.765Z""","171935","0","0","0","0","0","spanish","completed",,"false","main"
"acbfd7c6-fb34-4001-ba14-43dea95859ef","49847136","60097b16-e5f8-491c-9431-e32a46358851","""2026-01-10T16:14:26.623Z""","""2026-01-10T16:14:31.702Z""","23","0","0","0","0","0","spanish","completed",,"false","main"
"4a29006f-9aa5-4297-a8df-70d044220b08","49847136","f3ab245d-de3d-4515-a6a6-5971b7cbfa36","""2026-01-09T17:55:35.983Z""","""2026-01-10T02:30:39.775Z""","30903","0","0","0","0","0","spanish","completed",,"true","main"
"81dd5dcd-4dc0-4a87-972b-d24e1295cf53","49847136","c4caa62a-84d7-41f4-a4df-b20dc1f479f8","""2026-01-09T17:23:13.973Z""","""2026-01-10T02:30:39.540Z""","32845","0","0","0","0","0","spanish","completed",,"true","main"
"ae1108ad-af18-4872-89ea-98dabbbb8185","49847136","c4c87d7b-80f1-475a-93f7-ec5a2d21589f","""2026-01-09T17:01:31.267Z""","""2026-01-09T17:23:13.623Z""","1302","0","0","0","0","0","spanish","completed",,"true","main"
"23af0508-ce29-48ed-b8e9-ca8c49d093fe","49847136","a6f0b0e2-dfbb-4466-9ee1-666f8cdc0116","""2026-01-09T15:38:48.666Z""","""2026-01-09T17:01:31.014Z""","4962","0","0","0","0","0","spanish","completed",,"true","main"
"743fadc9-93b6-4445-aa44-e29221eaae5a","49847136","a6f0b0e2-dfbb-4466-9ee1-666f8cdc0116","""2026-01-09T15:35:41.196Z""","""2026-01-09T15:38:48.412Z""","187","0","0","0","0","0","spanish","completed",,"true","main"
"e5acc47f-3e62-4685-a94e-0a13bf45737f","49847136","a6f0b0e2-dfbb-4466-9ee1-666f8cdc0116","""2026-01-09T15:33:46.467Z""","""2026-01-09T15:35:40.941Z""","114","0","0","0","0","0","spanish","completed",,"true","main"
"c27351ae-3a71-45d8-8a28-c9c378020cf2","49847136","5514d8b1-397d-4cb9-b08c-396356fb5219","""2026-01-09T15:32:40.233Z""","""2026-01-09T15:35:40.652Z""","180","0","0","0","0","0","spanish","completed",,"false","main"
"10f38411-cd07-4070-bee8-fba5407bf95c","49847136","7528df8d-753e-4a7b-8d72-ac3304a0c344","""2026-01-09T11:05:28.072Z""","""2026-01-09T15:33:46.214Z""","16098","0","0","0","0","0","spanish","completed",,"true","main"
"cbe8ab3f-35e0-466b-867e-424be292e909","49847136","4883fe68-2f63-443b-9afa-1d4848f617f1","""2026-01-09T15:32:09.961Z""","""2026-01-09T15:32:40.106Z""","30","0","0","0","0","0","spanish","completed",,"false","main"
"b3faa002-7204-4e09-8d11-90f527d46080","49847136","0df9d7b0-37cb-459b-aeb5-7e8ce751e347","""2026-01-09T15:23:48.446Z""","""2026-01-09T15:32:09.833Z""","501","0","0","0","0","0","spanish","completed",,"false","main"
"44c3557b-8a91-46ee-98c0-b99f54a5526b","49847136","0df9d7b0-37cb-459b-aeb5-7e8ce751e347","""2026-01-09T15:22:51.285Z""","""2026-01-09T15:23:48.321Z""","57","0","0","0","0","0","spanish","completed",,"false","main"
"52ecb5b9-0058-469e-872b-098cb4a30673","49847136","7528df8d-753e-4a7b-8d72-ac3304a0c344","""2026-01-09T10:59:06.252Z""","""2026-01-09T11:05:27.824Z""","381","0","0","0","0","0","spanish","completed",,"true","main"
"b80089ba-5a6c-49dd-856b-79754d6a56c7","49847136","7528df8d-753e-4a7b-8d72-ac3304a0c344","""2026-01-09T10:57:25.015Z""","""2026-01-09T10:59:06.003Z""","100","0","0","0","0","0","spanish","completed",,"true","main"
"5fb0f873-e39d-4fa4-b20a-54a3c4ce7f92","49847136","7528df8d-753e-4a7b-8d72-ac3304a0c344","""2026-01-09T10:55:28.648Z""","""2026-01-09T10:57:24.773Z""","116","0","0","0","0","0","spanish","completed",,"true","main"
"e08230dc-1e04-4159-b022-91fe6c7c424c","49847136","7528df8d-753e-4a7b-8d72-ac3304a0c344","""2026-01-09T10:49:36.898Z""","""2026-01-09T10:55:28.407Z""","351","0","0","0","0","0","spanish","completed",,"true","main"
"feccdbd0-7d37-4b2f-a9ad-6c0ac4554140","49847136","7528df8d-753e-4a7b-8d72-ac3304a0c344","""2026-01-09T10:47:52.651Z""","""2026-01-09T10:49:36.656Z""","104","0","0","0","0","0","spanish","completed",,"true","main"
"505f6f19-4347-4c0e-a9ba-cbf5253d1886","49847136","7528df8d-753e-4a7b-8d72-ac3304a0c344","""2026-01-09T10:41:21.009Z""","""2026-01-09T10:47:52.382Z""","391","0","0","0","0","0","spanish","completed",,"true","main"
"d842c5ca-b6b6-4350-8fc1-0f080bd4141a","49847136","9f3c71a6-9d3e-4b08-a4c4-ddd07223f6a5","""2026-01-09T03:41:29.352Z""","""2026-01-09T10:41:20.752Z""","25191","0","0","0","0","0","spanish","completed",,"true","main"
"031ee2ca-dc38-490a-bc7a-a9d5f6e136f5","49847136","9f3c71a6-9d3e-4b08-a4c4-ddd07223f6a5","""2026-01-09T03:35:31.844Z""","""2026-01-09T03:41:29.114Z""","357","0","0","0","0","0","spanish","completed",,"true","main"
"b514f20f-ca4d-4363-8d05-af9698342f74","49847136","9f3c71a6-9d3e-4b08-a4c4-ddd07223f6a5","""2026-01-09T03:30:17.818Z""","""2026-01-09T03:35:31.604Z""","313","0","0","0","0","0","spanish","completed",,"true","main"
"ac401491-39fd-40a3-8a90-49ce83f0a901","49847136","9f3c71a6-9d3e-4b08-a4c4-ddd07223f6a5","""2026-01-09T03:24:21.516Z""","""2026-01-09T03:30:17.564Z""","356","0","0","0","0","0","spanish","completed",,"true","main"
"7e0c0251-5b14-4898-9985-1e63bc7a0345","49847136","c72ec7a5-f1cb-4fc0-b341-7b8998eb5213","""2026-01-08T17:31:48.307Z""","""2026-01-09T03:24:21.266Z""","35552","0","0","0","0","0","spanish","completed",,"true","main"
"ea45a73b-b035-48b1-b7c0-aefeb5cbd5da","49847136","9b3754fc-add9-4f8f-95a1-4ae94ece5e5e","""2026-01-09T00:22:55.498Z""","""2026-01-09T03:24:21.035Z""","10885","0","0","0","0","0","spanish","completed",,"false","main"
"6e5fcf0d-ff8f-41df-ba86-87373507a768","49847136","9b3754fc-add9-4f8f-95a1-4ae94ece5e5e","""2026-01-09T00:21:15.641Z""","""2026-01-09T00:22:55.370Z""","99","0","0","0","0","0","spanish","completed",,"false","main"
"447a46c8-3e85-430e-9e7b-dee393b3cdee","49847136","5ea03e01-c045-4a41-866e-235c2ac4de3f","""2026-01-09T00:00:44.020Z""","""2026-01-09T00:21:15.511Z""","1231","0","0","0","0","0","spanish","completed",,"false","main"
"158a3957-b10e-4a0f-a8a0-b8c5ad0ff4b9","49847136","5ea03e01-c045-4a41-866e-235c2ac4de3f","""2026-01-08T23:33:46.806Z""","""2026-01-09T00:00:43.889Z""","1617","0","0","0","0","0","spanish","completed",,"false","main"
"1cf7fb71-4c71-4721-8fc1-a9b497c2a6a3","49847136","5ea03e01-c045-4a41-866e-235c2ac4de3f","""2026-01-08T23:31:48.422Z""","""2026-01-08T23:33:46.655Z""","118","0","0","0","0","0","spanish","completed",,"false","main"
"941ea355-6eb8-4ebb-a374-d16322cbb89f","49847136","5ea03e01-c045-4a41-866e-235c2ac4de3f","""2026-01-08T22:58:05.084Z""","""2026-01-08T23:31:48.280Z""","2023","0","0","0","0","0","spanish","completed",,"false","main"
"388c69db-bb92-4806-b4a4-30613e57fceb","49847136","83daf06e-dd85-478e-9071-abed52c2614c","""2026-01-08T22:45:06.736Z""","""2026-01-08T22:58:04.950Z""","778","0","0","0","0","0","spanish","completed",,"false","main"
"a4c9bef0-011f-4641-b0bd-04e6030d4e15","49847136","75ac01dc-9af4-4ce3-8a58-e9d1dfb6a62a","""2026-01-08T22:35:37.242Z""","""2026-01-08T22:45:06.600Z""","569","0","0","0","0","0","spanish","completed",,"false","main"
"622a530e-9636-43dc-933d-4f155c7dde8c","49847136","f3a9fdaa-5ed8-4a06-83bb-2cc6bbb50c17","""2026-01-08T22:32:29.592Z""","""2026-01-08T22:35:37.111Z""","187","0","0","0","0","0","spanish","completed",,"false","main"
"10e337a6-7a7d-4d4e-b0d1-a0ca6e4aba79","49847136","c72ec7a5-f1cb-4fc0-b341-7b8998eb5213","""2026-01-08T17:29:44.685Z""","""2026-01-08T17:31:48.053Z""","123","0","0","0","0","0","spanish","completed",,"true","main"
"ade325d5-f294-490f-a27b-03b1b044567a","49847136","7907cdaa-b0f8-42d5-a360-0608e6c68c79","""2026-01-08T16:46:17.748Z""","""2026-01-08T17:31:47.817Z""","2730","0","0","0","0","0","spanish","completed",,"true","main"
"f169cb11-5322-47c6-9cc9-3177227015a2","49847136","f7d8dc1f-bb5d-489c-85e9-c4e298983b26","""2026-01-08T16:48:27.016Z""","""2026-01-08T17:31:47.583Z""","2600","0","0","0","0","0","spanish","completed",,"false","main"
"a0714e6d-39e0-4c32-abcd-94c2593aa304","49847136","7907cdaa-b0f8-42d5-a360-0608e6c68c79","""2026-01-08T16:42:26.350Z""","""2026-01-08T16:46:17.487Z""","231","0","0","0","0","0","spanish","completed",,"true","main"
"699ac858-138d-4568-b09e-219088979f75","49847136","7907cdaa-b0f8-42d5-a360-0608e6c68c79","""2026-01-08T16:41:27.523Z""","""2026-01-08T16:42:26.107Z""","58","0","0","0","0","0","spanish","completed",,"true","main"
"22f531f6-a09d-41cf-ad5c-a0a8284a9ae1","49847136","9206f890-f9b6-496a-961c-7d2abc0d1a50","""2026-01-07T20:55:47.382Z""","""2026-01-08T16:41:27.273Z""","71139","0","0","0","0","0","spanish","completed",,"false","main"
"0d9ee555-1c5e-419e-a42a-e3592ce3c4bd","49847136","5e7bb846-5c2f-4354-9d7d-29745d6e71a6","""2026-01-06T19:10:53.210Z""","""2026-01-08T16:41:27.036Z""","163833","0","0","0","0","0","spanish","completed",,"false","main"
"e85b8a3e-76dc-4eda-917c-32fe8efbc7cb","49847136","eded16d5-eafc-4824-ad90-a45422e18965","""2026-01-07T20:39:40.099Z""","""2026-01-07T20:55:47.252Z""","967","0","0","0","0","0","spanish","completed",,"false","main"
"6dc67660-9810-4489-a1b0-4f25df9ba945","49847136","2a7fca11-cc06-433e-ab66-a9c7bf44262d","""2025-12-31T21:50:47.038Z""","""2026-01-07T20:39:39.843Z""","600532","0","0","0","0","0","spanish","completed",,"false","main"
"ba9b8772-25a3-4c1b-8f7f-2ed27ec31a93","49847136","fe927522-bc96-4878-8e42-ede277e9917e","""2026-01-06T19:04:47.899Z""","""2026-01-06T19:10:52.952Z""","365","0","0","0","0","0","italian","completed",,"false","main"
"6601c75a-20f9-42a2-a3db-636ed59ce9c3","49847136","fe927522-bc96-4878-8e42-ede277e9917e","""2026-01-06T18:59:26.383Z""","""2026-01-06T19:04:47.653Z""","321","0","0","0","0","0","italian","completed",,"false","main"
"975d5aba-c51a-4e43-ade7-5b4b4b5a6e8a","49847136","fe927522-bc96-4878-8e42-ede277e9917e","""2026-01-06T18:53:24.711Z""","""2026-01-06T18:59:26.140Z""","361","0","0","0","0","0","italian","completed",,"false","main"
"d9b43369-7d5c-4719-b82c-82c84e0334b9","49847136","13dc2ac7-8219-49e6-9553-160ab2eeb829","""2026-01-06T18:50:32.995Z""","""2026-01-06T18:53:24.461Z""","171","0","0","0","0","0","spanish","completed",,"false","main"
"e7b17526-b50a-449a-908d-977bc908e37b","49847136","13dc2ac7-8219-49e6-9553-160ab2eeb829","""2026-01-06T18:44:24.290Z""","""2026-01-06T18:50:32.735Z""","368","0","0","0","0","0","spanish","completed",,"false","main"
"853e3074-4eb3-4b40-b047-62f827d36009","49847136","13dc2ac7-8219-49e6-9553-160ab2eeb829","""2026-01-06T18:35:12.554Z""","""2026-01-06T18:44:24.043Z""","551","0","0","0","0","0","spanish","completed",,"false","main"
"9285fa00-45f6-43ea-816f-0e0abafd7f46","49847136","13dc2ac7-8219-49e6-9553-160ab2eeb829","""2026-01-06T18:29:28.094Z""","""2026-01-06T18:35:12.304Z""","344","0","0","0","0","0","spanish","completed",,"false","main"
"6f44adf2-7cb6-4ba9-b1fd-db41b925b2d8","49847136","13dc2ac7-8219-49e6-9553-160ab2eeb829","""2026-01-06T18:26:29.662Z""","""2026-01-06T18:29:27.843Z""","178","0","0","0","0","0","spanish","completed",,"false","main"
"3f6906d7-0be8-4db0-afed-df4640805225","49847136","13dc2ac7-8219-49e6-9553-160ab2eeb829","""2026-01-06T18:20:10.040Z""","""2026-01-06T18:26:29.413Z""","379","0","0","0","0","0","spanish","completed",,"false","main"
"df4edef2-4e36-49ef-9db6-8985791f7b8c","49847136","13dc2ac7-8219-49e6-9553-160ab2eeb829","""2026-01-06T18:13:32.304Z""","""2026-01-06T18:20:09.790Z""","397","0","0","0","0","0","spanish","completed",,"false","main"
"54bb17e6-d0d6-4e9e-844b-910d7e63e470","49847136","c223b809-897e-4669-aa55-89e6f393bdc6","""2026-01-06T18:10:05.307Z""","""2026-01-06T18:13:32.049Z""","206","0","0","0","0","0","spanish","completed",,"false","main"
"6a706976-7b76-46f1-a322-9fa1ccd395e2","49847136","c223b809-897e-4669-aa55-89e6f393bdc6","""2026-01-06T16:50:15.815Z""","""2026-01-06T18:10:05.050Z""","4789","0","0","0","0","0","spanish","completed",,"false","main"
"b4c4ef76-7c89-400b-918d-5b0db133d3a9","49847136","2abfa769-ec39-45fd-9b2b-7ccbd17fc027","""2026-01-06T16:29:28.466Z""","""2026-01-06T16:50:15.556Z""","1247","0","0","0","0","0","spanish","completed",,"false","main"
"2c282c60-2490-4c80-a7e1-12858068febd","49847136","2abfa769-ec39-45fd-9b2b-7ccbd17fc027","""2026-01-06T16:24:01.512Z""","""2026-01-06T16:29:28.201Z""","326","0","0","0","0","0","spanish","completed",,"false","main"
"902d2ad9-e3f4-43dc-89e2-9ac69ae3aa99","49847136","2abfa769-ec39-45fd-9b2b-7ccbd17fc027","""2026-01-06T16:18:14.697Z""","""2026-01-06T16:24:01.249Z""","346","0","0","0","0","0","spanish","completed",,"false","main"
"0a1af1e6-135b-47f4-99b6-51cac105a30c","49847136","2abfa769-ec39-45fd-9b2b-7ccbd17fc027","""2026-01-06T16:12:41.514Z""","""2026-01-06T16:18:14.448Z""","332","0","0","0","0","0","spanish","completed",,"false","main"
"79d36567-bd3e-4161-94e9-f3815317cfde","49847136","40a4402e-450b-4804-a6b0-a0964a36f88a","""2026-01-06T16:06:22.070Z""","""2026-01-06T16:12:41.258Z""","379","0","0","0","0","0","spanish","completed",,"false","main"
"fb566a95-7e90-4bd4-9b04-767afe9b4870","49847136","40a4402e-450b-4804-a6b0-a0964a36f88a","""2026-01-06T15:59:58.751Z""","""2026-01-06T16:06:21.819Z""","383","0","0","0","0","0","spanish","completed",,"false","main"
"fe49d968-d0bd-4981-a0b1-63a380103a01","49847136","40a4402e-450b-4804-a6b0-a0964a36f88a","""2026-01-06T15:42:28.487Z""","""2026-01-06T15:59:58.488Z""","1050","0","0","0","0","0","spanish","completed",,"false","main"
"a48a1184-2028-49dd-8648-a8b0f2f6a6c5","49847136","0f4504c6-e411-4609-8d07-aea29aff2b0f","""2026-01-06T02:38:49.472Z""","""2026-01-06T15:42:28.224Z""","47018","0","0","0","0","0","spanish","completed",,"false","main"
"61bcc770-fe96-4efd-bad2-d1e45ccb1b47","49847136","0f4504c6-e411-4609-8d07-aea29aff2b0f","""2026-01-06T02:36:29.757Z""","""2026-01-06T02:38:49.230Z""","139","0","0","0","0","0","spanish","completed",,"false","main"
"4f9572a7-4bdf-475d-82f9-23fcaddd8d6a","49847136","2c19aeb5-8c3d-4ae0-8912-f688f9da47ce","""2026-01-06T00:02:41.564Z""","""2026-01-06T02:36:29.505Z""","9227","0","0","0","0","0","spanish","completed",,"false","main"
"22d209fb-d1a9-48a4-a545-879782455c9d","49847136","a5f54eda-cd9d-4ac5-8e6e-05856eeb888a","""2026-01-05T23:39:12.968Z""","""2026-01-06T00:02:41.305Z""","1408","0","0","0","0","0","spanish","completed",,"false","main"
"a7cde188-3fd0-4e10-a865-8ab6753ead97","49847136","eca9299e-cbc7-4b94-ba3c-4a0e5f73ecef","""2026-01-05T15:08:16.451Z""","""2026-01-05T23:39:12.710Z""","30656","0","0","0","0","0","spanish","completed",,"false","main"
"60fdac51-2dc7-43c6-b10f-71de62a5d5bf","49847136","f4ffe9fb-0bb2-401e-9324-1eda27c9350b","""2026-01-04T17:28:27.721Z""","""2026-01-05T15:08:16.193Z""","77988","0","0","0","0","0","spanish","completed",,"false","main"
"37b2bead-c7a2-49d3-88aa-4e7a0d8fcb08","49847136","b201a8f1-77ca-4219-9224-8798a58ccae2","""2026-01-04T02:13:32.186Z""","""2026-01-04T17:28:27.477Z""","54895","0","0","0","0","0","spanish","completed",,"false","main"
"9ca2a830-c05c-485f-a87b-d33af1bd38da","49847136","16ea98ac-8233-481e-ae0a-8a1c9247b0f8","""2026-01-03T00:59:22.932Z""","""2026-01-04T02:13:31.898Z""","90848","0","0","0","0","0","spanish","completed",,"false","main"
"a5f882f9-e42f-43df-9a0f-ab05e275cf56","49847136","16ea98ac-8233-481e-ae0a-8a1c9247b0f8","""2026-01-03T00:50:28.034Z""","""2026-01-03T00:59:22.670Z""","534","0","0","0","0","0","spanish","completed",,"false","main"
"ba403ab8-e96f-4444-9917-8a13ce06b262","49847136","f4487810-fd7e-4b90-839c-87ab456f1979","""2026-01-03T00:47:51.593Z""","""2026-01-03T00:50:27.771Z""","156","0","0","0","0","0","spanish","completed",,"false","main"
"3053999a-b1aa-4c09-8f07-7ef9ee903ee9","49847136","f4487810-fd7e-4b90-839c-87ab456f1979","""2026-01-03T00:00:29.543Z""","""2026-01-03T00:47:51.329Z""","2841","0","0","0","0","0","spanish","completed",,"false","main"
"ee992ba4-7ab9-458c-a179-17c9e9d9b396","49847136","f4487810-fd7e-4b90-839c-87ab456f1979","""2026-01-02T23:52:43.870Z""","""2026-01-03T00:00:29.288Z""","465","0","0","0","0","0","spanish","completed",,"false","main"
"1148643a-5a2f-494b-bb4c-f06b5e557d36","49847136","f4487810-fd7e-4b90-839c-87ab456f1979","""2026-01-02T23:41:33.354Z""","""2026-01-02T23:52:43.539Z""","670","0","0","0","0","0","spanish","completed",,"false","main"
"a64d7c2e-2bab-484b-8d50-f86b4a2bb5db","49847136","03b473d1-121e-4627-b582-ed58474db4ad","""2026-01-02T21:39:05.200Z""","""2026-01-02T23:41:33.111Z""","7347","0","0","0","0","0","spanish","completed",,"false","main"
"1a90a195-e71b-4d2f-a112-76355cb1da7f","49847136","03b473d1-121e-4627-b582-ed58474db4ad","""2026-01-02T21:32:29.661Z""","""2026-01-02T21:39:04.954Z""","395","0","0","0","0","0","spanish","completed",,"false","main"
"f629a8b8-512a-4aa0-8269-4ea70da2a2eb","49847136","03b473d1-121e-4627-b582-ed58474db4ad","""2026-01-02T21:26:42.497Z""","""2026-01-02T21:32:29.400Z""","346","0","0","0","0","0","spanish","completed",,"false","main"
"3b23d19e-8ac7-4248-8f48-2c4552ec55c6","49847136","03b473d1-121e-4627-b582-ed58474db4ad","""2026-01-02T21:18:38.982Z""","""2026-01-02T21:26:42.249Z""","483","0","0","0","0","0","spanish","completed",,"false","main"
"62d05a9e-2284-4971-9c6a-828505523454","49847136","03b473d1-121e-4627-b582-ed58474db4ad","""2026-01-02T21:12:03.097Z""","""2026-01-02T21:18:38.726Z""","395","0","0","0","0","0","spanish","completed",,"false","main"
"cfc06c7a-1d7c-49f0-b4b1-7e14d4247ece","49847136","03b473d1-121e-4627-b582-ed58474db4ad","""2026-01-02T21:02:16.789Z""","""2026-01-02T21:12:02.845Z""","586","0","0","0","0","0","spanish","completed",,"false","main"
"524d8be6-f3b2-4932-8a0c-1a150f44f509","49847136","4df1228a-b473-4720-80fe-0b2d14a6c85c","""2026-01-02T16:41:21.387Z""","""2026-01-02T21:02:16.541Z""","15655","0","0","0","0","0","spanish","completed",,"false","main"
"839bb6cb-d46a-4d21-87e9-1ee653fa4e49","49847136","14ff08bc-e591-4500-ae5b-a9a5888d1546","""2026-01-01T22:51:41.059Z""","""2026-01-02T16:41:21.132Z""","64180","0","0","0","0","0","spanish","completed",,"false","main"
"c51629d8-9108-4fce-beee-3b1e60f44457","49847136","43d50b21-6c04-4f16-93b1-4e5fae813358","""2025-12-31T23:43:21.435Z""","""2026-01-01T22:51:40.808Z""","83299","0","0","0","0","0","spanish","completed",,"false","main"
"94fea195-c5a5-4293-a052-1d06d5c71e89","49847136","b74fe5f8-6621-4d88-b371-3419d9b8a87b","""2025-12-31T20:31:45.424Z""","""2025-12-31T23:43:21.177Z""","11495","0","0","0","0","0","spanish","completed",,"false","main"
"8de57e4a-507d-42b0-bb87-18e502043e19","49847136","2a7fca11-cc06-433e-ab66-a9c7bf44262d","""2025-12-31T21:47:48.702Z""","""2025-12-31T21:50:46.909Z""","178","0","0","0","0","0","spanish","completed",,"false","main"
"f7eb17c1-c392-47d4-b6be-1eecd4ed27d0","49847136","2a7fca11-cc06-433e-ab66-a9c7bf44262d","""2025-12-31T21:45:42.918Z""","""2025-12-31T21:47:48.569Z""","125","0","0","0","0","0","spanish","completed",,"false","main"
"f277278b-d835-4806-81d9-2b1fb5428e06","49847136","2a7fca11-cc06-433e-ab66-a9c7bf44262d","""2025-12-31T21:44:49.164Z""","""2025-12-31T21:45:42.784Z""","53","0","0","0","0","0","spanish","completed",,"false","main"
"35b5e0f9-8f0b-4de8-b76a-c4580b5b4edb","49847136","75fab364-b144-4718-b61f-ddcb998516d2","""2025-12-31T21:41:17.474Z""","""2025-12-31T21:44:49.038Z""","211","0","0","0","0","0","spanish","completed",,"false","main"
"d2a87825-457d-4b3e-9058-89653adf553d","49847136","e8772311-2498-4903-a062-730951d80140","""2025-12-31T21:34:24.536Z""","""2025-12-31T21:41:17.335Z""","412","0","0","0","0","0","spanish","completed",,"false","main"
"f7aa2b06-0e3a-4270-9feb-719ce0e0afae","49847136","e956c6c0-1f7e-4e96-b93f-97d8448adcc7","""2025-12-31T21:25:27.154Z""","""2025-12-31T21:34:24.406Z""","537","0","0","0","0","0","spanish","completed",,"false","main"
"d6bc905a-1f9b-4db6-9869-755a95c0fdac","49847136","721ab632-0636-41a6-918f-7ba0cb972020","""2025-12-31T20:54:58.027Z""","""2025-12-31T21:25:27.026Z""","1828","0","0","0","0","0","spanish","completed",,"false","main"
"c640bf0d-7644-495f-bccb-dd6446176365","49847136","2f153f58-fb1e-4060-a2b6-98170fc263c0","""2025-12-31T20:33:00.838Z""","""2025-12-31T20:54:57.893Z""","1317","0","0","0","0","0","spanish","completed",,"false","main"
"6269ceef-74d3-417d-a237-2b207941c31e","49847136","fca194b9-8e1a-4f47-b0c3-c20e3c3c67d7","""2025-12-31T19:17:25.093Z""","""2025-12-31T20:33:00.699Z""","4535","0","0","0","0","0","spanish","completed",,"false","main"
"9cc5286e-6097-4a09-8b1e-c1b9445e690a","49847136","b74fe5f8-6621-4d88-b371-3419d9b8a87b","""2025-12-31T18:47:31.637Z""","""2025-12-31T20:31:45.165Z""","6253","0","0","0","0","0","spanish","completed",,"false","main"
"f816e3ad-d6c4-4aa8-b638-9bf5ea8c43e2","49847136","d6f710d9-7f3a-41fc-b6a8-1e973399268b","""2025-12-31T04:24:28.422Z""","""2025-12-31T19:17:24.960Z""","53576","0","0","0","0","0","spanish","completed",,"false","main"
"c0a35698-6ec0-4321-8814-6df655449f56","49847136","467fdd1d-6e1e-4ac9-af56-16685bbb85ac","""2025-12-30T21:36:16.555Z""","""2025-12-31T18:47:31.386Z""","76274","0","0","0","0","0","spanish","completed",,"false","main"
"f9835b3a-62ea-4e1f-b1e0-bd96aea4f8ed","49847136","438ff30b-b0e5-48aa-bb5c-2f0540a85a4a","""2025-12-30T21:42:18.334Z""","""2025-12-31T04:24:28.277Z""","24129","0","0","0","0","0","german","completed",,"false","main"
"9ad3d7fa-3515-4784-b45b-0720c28b83fd","49847136","d19c1c05-4d1e-4f23-a93a-38ef1913ec90","""2025-12-30T21:40:59.773Z""","""2025-12-30T21:42:18.202Z""","78","0","0","0","0","0","german","completed",,"false","main"
"6dc13fa8-734d-4ac0-8120-338466775fa8","49847136","027117ad-2ba5-4be8-8151-f71619d05101","""2025-12-30T17:54:10.087Z""","""2025-12-30T21:40:59.641Z""","13609","0","0","0","0","0","german","completed",,"false","main"
"128206b7-a06f-4f9d-8468-f11a9e6e08d0","49847136","467fdd1d-6e1e-4ac9-af56-16685bbb85ac","""2025-12-28T22:52:01.234Z""","""2025-12-30T21:36:16.310Z""","168255","0","0","0","0","0","spanish","completed",,"false","main"
"a0b7203a-c062-4a3e-98ad-db7ec5ef87a3","49847136","058e9f13-92d9-4b92-bfad-b8ff90a8163d","""2025-12-30T17:24:25.296Z""","""2025-12-30T17:54:09.949Z""","1784","0","0","0","0","0","german","completed",,"false","main"
"15d9815e-8ea0-40ed-a72a-ffd3665c0434","49847136","0815f633-68a4-4ba9-8deb-46b00161e779","""2025-12-29T22:15:11.228Z""","""2025-12-30T17:24:25.158Z""","68953","0","0","0","0","0","spanish","completed",,"false","main"
"8517df2d-b4b2-46d3-a575-0842546f4ad1","49847136","7b96c257-1ec3-4e0c-846a-55b0b7355af2","""2025-12-29T22:14:25.370Z""","""2025-12-29T22:15:11.101Z""","45","0","0","0","0","0","french","completed",,"false","main"
"1f8751c6-1901-4f33-b103-8646f4add0d2","49847136","1cb2f1bc-a5a2-48ea-b120-1e11e81ef2fc","""2025-12-29T22:14:23.244Z""","""2025-12-29T22:14:25.230Z""","1","0","0","0","0","0","french","completed",,"false","main"
"3fba19c2-1cfb-435e-8791-56fd05240258","49847136","1cb2f1bc-a5a2-48ea-b120-1e11e81ef2fc","""2025-12-29T22:13:42.043Z""","""2025-12-29T22:14:23.112Z""","41","0","0","0","0","0","spanish","completed",,"false","main"
"9ef60093-d694-4c82-ab51-38806123fda1","49847136","cd7143ac-42f9-4dbc-8b66-d6bd03c2959b","""2025-12-29T22:10:45.718Z""","""2025-12-29T22:13:41.911Z""","176","0","0","0","0","0","spanish","completed",,"false","main"
"e173c537-b43c-47c6-87bb-aaa467b8c601","49847136","e6ef8d30-c31d-4a36-b034-71c5b6742ff0","""2025-12-29T22:06:38.567Z""","""2025-12-29T22:10:45.587Z""","247","0","0","0","0","0","french","completed",,"false","main"
"87e17d0e-af3c-44b8-a9a6-e3b42c396444","49847136","e6ef8d30-c31d-4a36-b034-71c5b6742ff0","""2025-12-29T22:06:37.769Z""","""2025-12-29T22:06:38.505Z""","0","0","0","0","0","0","french","completed",,"false","main"
"fc4f4b9e-1353-4e52-8721-33aabb4ae0ca","49847136","e6ef8d30-c31d-4a36-b034-71c5b6742ff0","""2025-12-29T22:05:45.814Z""","""2025-12-29T22:06:37.642Z""","51","0","0","0","0","0","spanish","completed",,"false","main"
"8b2f90c2-c977-480c-951a-febb2de42b02","49847136","45d90b17-3938-43f0-965a-059a4fa5d517","""2025-12-29T21:57:47.385Z""","""2025-12-29T22:05:45.682Z""","478","0","0","0","0","0","spanish","completed",,"false","main"
"3b0fe188-08d9-4b70-849e-c175bc7b91b0","49847136","a4793028-23c5-481d-8bfd-731c5118daaf","""2025-12-29T21:39:43.640Z""","""2025-12-29T21:57:47.250Z""","1083","0","0","0","0","0","english","completed",,"false","main"
"2cab6c2f-d9c9-4090-93a3-fc3313013208","49847136","d7b2373d-306f-4588-a545-74ab8c619d8c","""2025-12-29T21:39:41.907Z""","""2025-12-29T21:39:43.510Z""","1","0","0","0","0","0","english","completed",,"false","main"
"7523955e-6f7e-46b0-affa-19ac00fe7895","49847136","d7b2373d-306f-4588-a545-74ab8c619d8c","""2025-12-29T21:37:15.494Z""","""2025-12-29T21:39:41.770Z""","146","0","0","0","0","0","spanish","completed",,"false","main"
"9ac170e1-622d-4b0d-b544-983a87a05201","49847136","0653ae1f-0a39-4b10-998a-31af15380213","""2025-12-29T21:29:53.993Z""","""2025-12-29T21:37:15.358Z""","441","0","0","0","0","0","spanish","completed",,"false","main"
"e0d17e97-0093-48bc-8909-c4cc909ee437","49847136","8b14802a-0ca8-4276-aaf0-70b6d3929434","""2025-12-29T21:26:06.453Z""","""2025-12-29T21:29:53.858Z""","227","0","0","0","0","0","spanish","completed",,"false","main"
"548eee7a-3b8f-4b4d-9349-c7e7c8600fe7","49847136","3f0da13f-97f6-4027-aab9-ab5130fc00c2","""2025-12-29T21:08:48.576Z""","""2025-12-29T21:26:06.321Z""","1037","0","0","0","0","0","spanish","completed",,"false","main"
"0ad1a21a-17b9-47d5-9d69-556b7d803766","49847136","fab0e4f5-3009-4de9-a48b-89da4b6134b2","""2025-12-29T19:53:19.366Z""","""2025-12-29T21:08:48.439Z""","4529","0","0","0","0","0","spanish","completed",,"false","main"
"8b689006-42a2-44e3-b81b-d0d3cc24a37d","49847136","7b96c257-1ec3-4e0c-846a-55b0b7355af2","""2025-12-29T19:49:06.669Z""","""2025-12-29T19:53:19.237Z""","252","0","0","0","0","0","french","completed",,"false","main"
"f32cb7ae-e8a8-40fa-937b-6f12739ff39f","49847136","d5c414e2-22dc-4335-8262-498a2c3a6abd","""2025-12-29T19:44:52.294Z""","""2025-12-29T19:49:06.538Z""","254","0","0","0","0","0","spanish","completed",,"false","main"
"645e63cc-3300-4083-9201-7b036c5a5ab8","49847136","111a86d4-68c6-48e5-8e56-bad6a3cda041","""2025-12-29T19:36:53.075Z""","""2025-12-29T19:44:52.164Z""","479","0","0","0","0","0","spanish","completed",,"false","main"
"6557e4dd-7874-4f5f-8464-ba5e259ee349","49847136","bb215547-12d3-449e-907a-1301f0cdaf36","""2025-12-29T19:32:01.231Z""","""2025-12-29T19:36:52.943Z""","291","0","0","0","0","0","spanish","completed",,"false","main"
"879e69a7-1e61-4037-971b-f26bc810fbc1","49847136","f1c25804-352f-4c79-b173-2ba24d7e2605","""2025-12-29T19:24:11.615Z""","""2025-12-29T19:32:01.098Z""","469","0","0","0","0","0","spanish","completed",,"false","main"
"a8051dd4-86ca-46aa-9c4e-77724d279c2c","49847136","c7442352-53a3-4ea8-a205-d82aa430a03b","""2025-12-29T19:14:19.228Z""","""2025-12-29T19:24:11.477Z""","592","0","0","0","0","0","spanish","completed",,"false","main"
"6e8051ed-5940-48c4-85a3-c55641f54c84","49847136","c7442352-53a3-4ea8-a205-d82aa430a03b","""2025-12-29T19:11:02.626Z""","""2025-12-29T19:14:19.077Z""","196","0","0","0","0","0","spanish","completed",,"false","main"
"df27283a-78c3-4dff-89bb-16fa2b1169f7","49847136","fd178a38-6628-491a-a039-dfd35b4b0330","""2025-12-29T18:50:53.256Z""","""2025-12-29T19:11:02.493Z""","1209","0","0","0","0","0","spanish","completed",,"false","main"
"e63aa6ab-265e-445d-9e65-b41b154e8085","49847136","6a8b7cac-88c2-4880-9fdd-95c73be17f1d","""2025-12-29T18:06:00.923Z""","""2025-12-29T18:50:53.113Z""","2692","0","0","0","0","0","spanish","completed",,"false","main"
"0a50d61b-37dd-4702-9a2a-a59aee9be5fb","49847136","ff4ab93e-e66b-4685-9729-8237245d9a79","""2025-12-29T17:45:41.959Z""","""2025-12-29T18:06:00.785Z""","1218","0","0","0","0","0","spanish","completed",,"false","main"
"0218dba2-6baa-4e2f-b9a1-2ed8cb03ad0a","49847136","afa400d6-3182-4a31-a3f1-76e055e1802f","""2025-12-28T22:54:22.803Z""","""2025-12-29T17:45:41.820Z""","67879","0","0","0","0","0","spanish","completed",,"false","main"
"f43f5bdd-b3d5-42c5-8928-dfc9ac65b87e","49847136","eea04a7c-a80c-480b-84eb-2d10190d4ce1","""2025-12-28T16:54:16.519Z""","""2025-12-28T22:54:22.667Z""","21606","0","0","0","0","0","spanish","completed",,"false","main"
"242eee1c-66eb-468c-90ff-80ee0c5da07e","49847136","851f1c91-25f5-47c5-9b57-b1fb217d2e69","""2025-12-28T17:09:02.215Z""","""2025-12-28T22:52:00.986Z""","20578","0","0","0","0","0","spanish","completed",,"false","main"
"998a079c-4c2c-4df8-a40a-f453957c5023","49847136","eea04a7c-a80c-480b-84eb-2d10190d4ce1","""2025-12-28T16:48:37.756Z""","""2025-12-28T16:54:16.400Z""","338","0","0","0","0","0","spanish","completed",,"false","main"
"a6c146b7-95e9-4057-aae2-29f76024637a","49847136","6bd0e5ca-052b-4968-b211-b8bdc3112117","""2025-12-28T16:40:09.639Z""","""2025-12-28T16:48:37.648Z""","508","0","0","0","0","0","spanish","completed",,"false","main"
"0867624e-79ad-4f81-81ff-b7adb26e9dfb","49847136","5f12f729-97da-4b88-b42c-b929ae6b2b58","""2025-12-28T04:36:00.512Z""","""2025-12-28T16:40:09.503Z""","43448","0","0","0","0","0","spanish","completed",,"false","main"
"b0b76d83-d8ee-4f97-a911-84bc1dfd3966","49847136","5f12f729-97da-4b88-b42c-b929ae6b2b58","""2025-12-28T04:34:17.828Z""","""2025-12-28T04:36:00.379Z""","102","0","0","0","0","0","spanish","completed",,"false","main"
"7a7207ef-008c-4dd7-8d35-905b6f23307c","49847136","0b81db0f-849a-479e-a414-3963004570d9","""2025-12-28T04:23:38.314Z""","""2025-12-28T04:34:17.698Z""","639","0","0","0","0","0","spanish","completed",,"false","main"
"78fea27b-130f-4e3e-aed2-17b01282e048","49847136","4c260a68-a43b-4537-bc6f-55d6569a65ab","""2025-12-28T04:18:27.458Z""","""2025-12-28T04:23:38.183Z""","310","0","0","0","0","0","spanish","completed",,"false","main"
"b7ec77d6-0766-48aa-9335-6f7fed0fd0dc","49847136","f4bec15a-9ac8-419e-be22-87f6a224a816","""2025-12-28T04:08:16.142Z""","""2025-12-28T04:18:27.322Z""","611","0","0","0","0","0","spanish","completed",,"false","main"
"c828556e-0eff-4eb4-8179-eb16098386e6","49847136","f4bec15a-9ac8-419e-be22-87f6a224a816","""2025-12-28T04:06:33.582Z""","""2025-12-28T04:08:16.003Z""","102","0","0","0","0","0","spanish","completed",,"false","main"
"2f54fac0-52bf-4041-bf70-52924138fab3","49847136","f4bec15a-9ac8-419e-be22-87f6a224a816","""2025-12-28T04:05:06.594Z""","""2025-12-28T04:06:33.440Z""","86","0","0","0","0","0","spanish","completed",,"false","main"
"d01fb747-9929-41fd-9e94-a2dd5f1d6005","49847136","9466da00-dfad-4ccb-9bf4-7645ecd9bb13","""2025-12-28T03:53:52.615Z""","""2025-12-28T04:05:06.468Z""","673","0","0","0","0","0","spanish","completed",,"false","main"
"036ef430-1adf-408f-8c82-00b15e2acb23","49847136","9466da00-dfad-4ccb-9bf4-7645ecd9bb13","""2025-12-28T03:49:34.076Z""","""2025-12-28T03:53:52.488Z""","258","0","0","0","0","0","spanish","completed",,"false","main"
"5afa5441-1853-4a4b-9a7c-3c7a63893263","49847136","acb3907c-966a-471f-9aca-afdd6346317a","""2025-12-28T03:42:46.157Z""","""2025-12-28T03:49:33.941Z""","407","0","0","0","0","0","spanish","completed",,"false","main"
"ecbb4e8c-47be-4098-8573-b182f2a79d95","49847136","a364ed4a-009d-4b0b-b21c-d15c59097f25","""2025-12-28T03:41:18.482Z""","""2025-12-28T03:42:46.029Z""","87","0","0","0","0","0","spanish","completed",,"false","main"
"415bbdc6-1654-4c36-9555-93911fdc39e4","49847136","a4143016-3091-4f01-af34-1016a3e56696","""2025-12-28T03:38:19.235Z""","""2025-12-28T03:41:18.351Z""","179","0","0","0","0","0","spanish","completed",,"false","main"
"82276ceb-5bb1-4ead-a103-eaf3382d6833","49847136","a4143016-3091-4f01-af34-1016a3e56696","""2025-12-28T03:34:57.269Z""","""2025-12-28T03:38:19.107Z""","201","0","0","0","0","0","spanish","completed",,"false","main"
"0b8c0b73-0552-4f5b-b27c-8464b9b94a2e","49847136","e04a6c1b-c107-4f47-84d1-a516a034e1b2","""2025-12-28T03:33:20.017Z""","""2025-12-28T03:34:57.132Z""","97","0","0","0","0","0","spanish","completed",,"false","main"
"4a93a8db-abec-43d6-8d23-526c483463ff","49847136","ccdfed37-1724-4387-98d4-df1270b71687","""2025-12-28T03:26:59.876Z""","""2025-12-28T03:33:19.878Z""","380","0","0","0","0","0","spanish","completed",,"false","main"
"9196d7e4-49b5-4cda-bc6b-ea8ad2b46e2c","49847136","f8a5e82b-0763-4232-8cae-7fb929c8d88f","""2025-12-28T03:24:20.306Z""","""2025-12-28T03:26:59.749Z""","159","0","0","0","0","0","spanish","completed",,"false","main"
"dea54c67-828d-4209-aea1-1d34290b0631","49847136","d26f73d0-bf5b-413f-9c32-606d6ed2a593","""2025-12-28T03:08:24.113Z""","""2025-12-28T03:24:20.169Z""","956","0","0","0","0","0","spanish","completed",,"false","main"
"9486d5ac-ba74-4572-94c9-9634918f9fd7","49847136","d26f73d0-bf5b-413f-9c32-606d6ed2a593","""2025-12-28T03:07:18.497Z""","""2025-12-28T03:08:23.982Z""","65","0","0","0","0","0","spanish","completed",,"false","main"
"4e3fb8ff-213d-42ce-ad32-84a11ef61881","49847136","2d4ec39b-0fff-4db2-a93d-38e46605fa3d","""2025-12-28T01:33:06.686Z""","""2025-12-28T03:07:18.366Z""","5651","0","0","0","0","0","spanish","completed",,"false","main"
"3c13c6ce-3ad6-460f-bb0b-2a77b4a1bdff","49847136","17ef9351-4695-4135-882b-7baaa2f77049","""2025-12-28T01:32:11.940Z""","""2025-12-28T01:33:06.549Z""","54","0","0","0","0","0","spanish","completed",,"false","main"
"9535dee1-922c-4318-b7ae-e551965d1210","49847136","38f9df1d-b99e-47b0-8add-f5c3af188545","""2025-12-28T01:28:03.136Z""","""2025-12-28T01:32:11.803Z""","248","0","0","0","0","0","spanish","completed",,"false","main"
"c8bc5cec-e8ea-4842-b6ec-7ae40d165ea7","49847136","91f2d2e0-30d7-4135-bb62-3b7eb06d022f","""2025-12-28T00:00:05.427Z""","""2025-12-28T01:28:03.010Z""","5277","0","0","0","0","0","spanish","completed",,"false","main"
"9251551f-917b-4e4a-9754-d69bffbe165f","49847136","bfbc788c-f2bb-4166-834d-58f9adb3e545","""2025-12-27T23:58:05.448Z""","""2025-12-28T00:00:05.295Z""","119","0","0","0","0","0","spanish","completed",,"false","main"
"aba20164-b60e-4846-bc39-cdb45d69f514","49847136","86e16de1-63aa-4b22-9d76-60f7c155d625","""2025-12-27T23:56:36.577Z""","""2025-12-27T23:58:05.323Z""","88","0","0","0","0","0","spanish","completed",,"false","main"
"197141ba-244a-4d1b-9800-eee11b30a5ac","49847136","f7fed0fc-182d-484b-bd8a-350649908c51","""2025-12-27T23:47:28.400Z""","""2025-12-27T23:56:36.438Z""","548","0","0","0","0","0","spanish","completed",,"false","main"
"5d7c8aba-0764-42a1-8371-f80b52df64b4","49847136","f7fed0fc-182d-484b-bd8a-350649908c51","""2025-12-27T23:47:09.809Z""","""2025-12-27T23:47:28.274Z""","18","0","0","0","0","0","spanish","completed",,"false","main"
"e7de25fa-5362-42d4-aed7-aa543c98134a","49847136","4bc96892-c5c4-4a4a-be26-dd027773217b","""2025-12-27T22:40:14.376Z""","""2025-12-27T23:47:09.668Z""","4015","0","0","0","0","0","spanish","completed",,"false","main"
"0c6780a6-9b48-4e5b-a43d-8c115c2c1ce9","49847136","4bc96892-c5c4-4a4a-be26-dd027773217b","""2025-12-27T22:29:46.391Z""","""2025-12-27T22:40:14.245Z""","627","0","0","0","0","0","spanish","completed",,"false","main"
"f039bee0-052a-49a4-a444-0aafd20eb8bc","49847136","6e6b2788-f2a3-4206-92b9-ed3995bb4553","""2025-12-27T22:27:07.081Z""","""2025-12-27T22:29:46.261Z""","159","0","0","0","0","0","spanish","completed",,"false","main"
"14853aa5-fbc0-4714-8cd1-0a0e429d9515","49847136","f3be2e66-5304-4b5a-974b-7613f51c4370","""2025-12-27T22:26:21.423Z""","""2025-12-27T22:27:06.947Z""","45","0","0","0","0","0","spanish","completed",,"false","main"
"6ff68f0d-757b-4e5b-87fe-e8c5cbe7aff4","49847136","051d9e37-4ebd-4696-a56d-842889a582ab","""2025-12-27T22:18:46.418Z""","""2025-12-27T22:26:21.289Z""","454","0","0","0","0","0","spanish","completed",,"false","main"
"39823bdd-7fce-4161-8d24-15f032b022b0","49847136","daf86bb2-1dee-4cbc-a392-f5c356116350","""2025-12-27T22:17:56.607Z""","""2025-12-27T22:18:46.292Z""","49","0","0","0","0","0","spanish","completed",,"false","main"
"0762a10d-5501-407e-8584-b11fbd645ebf","49847136","f9c9ca12-cbef-409b-9827-e8b39a76aa89","""2025-12-27T22:15:45.382Z""","""2025-12-27T22:17:56.471Z""","131","0","0","0","0","0","spanish","completed",,"false","main"
"96f582fd-889d-4bc6-9fcf-60fb1c57f0e4","49847136","845466dd-ec75-4955-bcb1-e1f5706a2485","""2025-12-27T18:55:33.540Z""","""2025-12-27T22:15:45.248Z""","12011","0","0","0","0","0","spanish","completed",,"false","main"
"7d88f07b-b697-4883-9287-2f53df1a2402","49847136","cae844d0-1ab1-4832-a68c-29a6f0ae4a9e","""2025-12-27T18:26:56.802Z""","""2025-12-27T18:55:33.392Z""","1716","0","0","0","0","0","spanish","completed",,"false","main"
"cfd9512d-503a-455f-b1eb-b2539c1760db","49847136","00c853e5-0851-4c49-9099-7de747ad31c4","""2025-12-27T18:13:16.604Z""","""2025-12-27T18:26:56.671Z""","820","0","0","0","0","0","spanish","completed",,"false","main"
"809803c5-3e8d-4970-9a5f-467f5dd71521","49847136","b81cd5db-e49c-4f9c-b46f-84c3ae9fc639","""2025-12-27T18:09:23.020Z""","""2025-12-27T18:13:16.474Z""","233","0","0","0","0","0","spanish","completed",,"false","main"
"910c02eb-9c4e-4769-98e4-c9df6f2b74d5","49847136","e92afb83-5133-4b49-8fbf-44106bf21732","""2025-12-27T18:03:25.528Z""","""2025-12-27T18:09:22.883Z""","357","0","0","0","0","0","spanish","completed",,"false","main"
"94626ab3-a7aa-48aa-9ea5-9bbdea5169b8","49847136","7809ea51-0099-48db-8c30-cc40e974acce","""2025-12-27T17:58:41.985Z""","""2025-12-27T18:03:25.399Z""","283","0","0","0","0","0","spanish","completed",,"false","main"
"842bb313-d423-4cc2-b71d-c23fc7aebe14","49847136","76c16859-3032-41c2-81ae-71e564a624bf","""2025-12-27T17:46:47.523Z""","""2025-12-27T17:58:41.857Z""","714","0","0","0","0","0","spanish","completed",,"false","main"
"f876ebe4-022c-421b-8a9d-e468ccce7ca9","49847136","02b32869-43dc-4465-a623-4ebb15facc73","""2025-12-27T17:44:54.581Z""","""2025-12-27T17:46:47.393Z""","112","0","0","0","0","0","spanish","completed",,"false","main"
"3a9fe834-f91d-4156-bc07-4e1afee0dea3","49847136","6ca9a098-6dfb-44cb-a4cd-b87fb6236dc1","""2025-12-27T17:39:54.057Z""","""2025-12-27T17:44:54.441Z""","300","0","0","0","0","0","spanish","completed",,"false","main"
"3f53bb62-c6ac-4ff7-bf6f-d6a25676e1ee","49847136","78758f60-cc66-492c-8fab-c23975982c1a","""2025-12-27T17:33:33.464Z""","""2025-12-27T17:39:53.890Z""","380","0","0","0","0","0","spanish","completed",,"false","main"
"aa4e0adb-7c3f-4d9c-bac1-da8721847e1b","49847136","02d6876e-7dd7-4298-af0f-bd34bf4e6407","""2025-12-27T17:29:20.335Z""","""2025-12-27T17:33:33.333Z""","252","0","0","0","0","0","spanish","completed",,"false","main"
"81d9cfae-e571-4749-9a23-f0724df28e2a","49847136","02d6876e-7dd7-4298-af0f-bd34bf4e6407","""2025-12-27T17:20:20.401Z""","""2025-12-27T17:29:20.197Z""","539","0","0","0","0","0","spanish","completed",,"false","main"
"9a399bad-f4b1-4068-934c-3cbe0b627541","49847136","d56c5a81-e4f3-4cbc-b8d1-57341db5738d","""2025-12-27T17:04:25.835Z""","""2025-12-27T17:20:20.254Z""","954","0","0","0","0","0","spanish","completed",,"false","main"
"731059e6-4c36-49d5-a765-24908ad69576","49847136","d7d29d59-2f80-4804-980e-0be2c0be79ca","""2025-12-27T16:48:03.879Z""","""2025-12-27T17:04:25.698Z""","981","0","0","0","0","0","spanish","completed",,"false","main"
"39f398c6-e8cc-4f08-84cc-115c2d202b3d","49847136","d7d29d59-2f80-4804-980e-0be2c0be79ca","""2025-12-27T15:34:16.451Z""","""2025-12-27T16:48:03.738Z""","4427","0","0","0","0","0","spanish","completed",,"false","main"
"601f1a25-57d0-45aa-a96c-2fad89eb83c0","49847136","d7d29d59-2f80-4804-980e-0be2c0be79ca","""2025-12-27T15:32:15.327Z""","""2025-12-27T15:34:16.322Z""","120","0","0","0","0","0","spanish","completed",,"false","main"
"30f2f76d-f767-4fbe-880d-6589b2ea976b","49847136","f36a0538-66b2-484b-8996-c1b6c655712b","""2025-12-27T15:21:07.567Z""","""2025-12-27T15:32:15.195Z""","667","0","0","0","0","0","spanish","completed",,"false","main"
"ece7aed5-c7d7-4b44-9241-78ff50c8b5bc","49847136","3e4e213c-8ccc-4a8f-9ab0-145501b4c26f","""2025-12-13T06:17:43.445Z""","""2025-12-26T21:48:16.531Z""","0","0","0","0","0","0","spanish","completed",,"false","main"
"06cdf664-bf6f-438d-bafc-c7a31baf1f15","49847136","21fe3879-4d8b-4a84-aea6-870ed76ce88d","""2025-12-13T06:16:23.513Z""","""2025-12-13T06:17:43.313Z""","79","0","0","0","0","0","spanish","completed",,"false","main"
"3b7f934e-f428-4df4-875c-78813f082304","49847136","3e6f3529-0fdf-4678-b6cb-17cf19bc6033","""2025-12-13T05:51:34.961Z""","""2025-12-13T06:16:23.380Z""","1488","0","0","0","0","0","spanish","completed",,"false","main"
"35098299-4d4e-4934-ba72-0b20ef1557bd","49847136","a30bdae1-2a09-4a5c-9edc-f7872e50bda4","""2025-12-13T05:45:34.282Z""","""2025-12-13T05:47:45.228Z""","130","0","0","0","0","0","spanish","completed",,"false","main"
"451a47dd-5e80-4490-85e2-cfd610b06b92","49847136","59e67799-1e08-46ce-a6cd-206adfa58a82","""2025-12-13T05:44:29.477Z""","""2025-12-13T05:45:34.150Z""","64","0","0","0","0","0","spanish","completed",,"false","main"
"3e5cd7d9-e6da-412b-bce6-473abe3953b9","49847136","1eb86da3-5b62-497d-8fa7-5e4b928b5867","""2025-12-13T05:42:53.553Z""","""2025-12-13T05:44:29.349Z""","95","0","0","0","0","0","spanish","completed",,"false","main"
"fb013a36-606c-450a-9e47-34e1e6e1ff12","49847136","f3ffa5b8-16fe-4158-803c-5c299e65c254","""2025-12-13T05:40:54.700Z""","""2025-12-13T05:42:53.410Z""","118","0","0","0","0","0","spanish","completed",,"false","main"
"ebe8accc-7e98-4360-a3df-c1dd8af6c87b","49847136","f3ffa5b8-16fe-4158-803c-5c299e65c254","""2025-12-13T05:29:58.065Z""","""2025-12-13T05:35:08.827Z""","310","0","0","0","0","0","spanish","completed",,"false","main"
"8f9b4a7e-bac0-4571-b314-b87be356a66c","49847136","198f4f74-836e-42a1-ac85-75971c9a478a","""2025-12-13T05:23:11.403Z""","""2025-12-13T05:29:57.937Z""","406","0","0","0","0","0","spanish","completed",,"false","main"
"a2395751-18ce-43a2-8c76-9eafee92ee5c","49847136","26d87b2a-0556-45ff-9b32-20d46aa10c09","""2025-12-13T04:50:28.773Z""","""2025-12-13T04:53:56.059Z""","207","0","0","0","0","0","spanish","completed",,"false","main"
"ec40a384-773a-4b4c-9561-3ab5d503094f","49847136","b1e4cb44-b303-4c0b-8b72-2ba797a98ad6","""2025-12-13T04:10:36.234Z""","""2025-12-13T04:50:28.632Z""","2392","0","0","0","0","0","spanish","completed",,"false","main"
"a7346634-df0c-4b51-b582-d449d24cb1e3","49847136","a6841548-7eea-4249-af6a-04db4e8cccbb","""2025-12-13T04:02:33.510Z""","""2025-12-13T04:10:36.101Z""","482","0","0","0","0","0","spanish","completed",,"false","main"
"08776ce1-05d5-4a58-8d0f-e9b28163ea73","49847136","d252c130-f903-4e70-904d-50a712a6dd78","""2025-12-13T02:12:19.412Z""","""2025-12-13T04:02:33.352Z""","6613","0","0","0","0","0","spanish","completed",,"false","main"
"3f055856-f770-4870-b7d3-2279c393db34","49847136","0e0e2718-ec24-4534-8f41-b2605b9cc79c","""2025-12-12T05:13:37.750Z""","""2025-12-12T05:14:51.917Z""","74","0","0","0","0","0","spanish","completed",,"false","main"
"1aeb44cf-bf76-4f9d-aaca-380f57cf9cdc","49847136","f583ce7e-9dab-448f-acbf-211ff9fea847","""2025-12-12T05:05:41.863Z""","""2025-12-12T05:13:37.614Z""","475","0","0","0","0","0","spanish","completed",,"false","main"
"5133c73e-8196-421d-ac32-8d16f26ccd05","49847136","559a0c15-de88-4db7-8f92-243522b0d569","""2025-12-12T05:00:03.253Z""","""2025-12-12T05:05:41.716Z""","338","0","0","0","0","0","spanish","completed",,"false","main"
"275a45f3-981e-4d0b-a799-125a0d01653d","49847136","0e001ac5-e925-40d6-b25d-663fb737ff68","""2025-12-12T04:55:34.784Z""","""2025-12-12T05:00:03.115Z""","268","0","0","0","0","0","spanish","completed",,"false","main"
"5419c5df-64b4-4a3b-ad90-570de55aaec8","49847136","6e72de4d-6483-40a6-9363-41fd84aa8870","""2025-12-12T04:52:56.348Z""","""2025-12-12T04:55:34.652Z""","158","0","0","0","0","0","spanish","completed",,"false","main"
"e6f06e72-0679-40d8-9849-aa511fe694f1","49847136","c6af7af7-458a-4cd1-b60c-971ed16081f4","""2025-12-12T04:42:18.363Z""","""2025-12-12T04:52:56.215Z""","637","0","0","0","0","0","spanish","completed",,"false","main"
"80af7660-de85-4924-96b6-57d4beb7c6a1","49847136","29af17b4-ccfb-429e-bafb-2f05ddd8865f","""2025-12-12T04:40:41.815Z""","""2025-12-12T04:42:18.228Z""","96","0","0","0","0","0","spanish","completed",,"false","main"
"cf089419-bad9-42d8-bd07-bf50197bb428","49847136","e00f1030-bc8c-460e-bb39-bd2a3f28e67e","""2025-12-12T04:21:54.788Z""","""2025-12-12T04:40:41.681Z""","1126","0","0","0","0","0","spanish","completed",,"false","main"
"da10e476-ef08-4276-aadf-9413ad0733ff","49847136","c023ba04-c718-4a73-9ef4-edfbd588833e","""2025-12-12T04:20:54.306Z""","""2025-12-12T04:21:54.651Z""","60","0","0","0","0","0","spanish","completed",,"false","main"
"b40762b2-2053-4c96-89c1-0506a97b2052","49847136","aa22993f-779e-4d08-bd7b-7373564ca9bd","""2025-12-12T04:18:44.274Z""","""2025-12-12T04:20:54.176Z""","129","0","0","0","0","0","spanish","completed",,"false","main"
"0a400c49-1dbf-4156-9ded-e0449396ed1f","49847136","43bd3289-94c1-48c3-a88e-aeb1ebce46c0","""2025-12-12T04:15:43.817Z""","""2025-12-12T04:18:44.145Z""","180","0","0","0","0","0","spanish","completed",,"false","main"
"f3714869-868e-4977-a443-e8c19e410073","49847136","15047aaf-1726-47e6-99dc-2583403edf94","""2025-12-12T04:13:46.022Z""","""2025-12-12T04:15:43.687Z""","117","0","0","0","0","0","spanish","completed",,"false","main"
"ecb44cc6-0fb5-48b3-990a-4a5744ead984","49847136","c20d6482-ad06-4c1e-b63c-adb2633fac05","""2025-12-12T04:13:30.107Z""","""2025-12-12T04:13:35.962Z""","5","0","0","0","0","0","spanish","completed",,"false","main"
"eba25cfb-0d08-4180-8f8a-7bc112a21959","49847136","5807683c-f4d7-4dab-848c-4265c058efd1","""2025-12-12T04:09:18.314Z""","""2025-12-12T04:13:29.976Z""","251","0","0","0","0","0","spanish","completed",,"false","main"
"2f593fdd-52d9-4b45-8c05-32a5de3459cb","49847136","c3fce3a6-8b35-4538-bdd0-1939fd97c7c7","""2025-12-12T04:07:38.047Z""","""2025-12-12T04:09:18.183Z""","100","0","0","0","0","0","spanish","completed",,"false","main"
"1616a256-dafa-46e1-bd7a-6a5bbec0c4ea","49847136","1ed7b8d7-93aa-409e-9de6-9bfcf579d6af","""2025-12-12T04:04:32.304Z""","""2025-12-12T04:07:37.914Z""","185","0","0","0","0","0","spanish","completed",,"false","main"
"972b315e-36fd-44d7-917b-4a637247be9c","49847136","82f9f290-d4fe-4b60-89fe-42625e9d88d0","""2025-12-12T04:00:14.021Z""","""2025-12-12T04:04:32.173Z""","258","0","0","0","0","0","spanish","completed",,"false","main"
"dc35652c-340a-4948-9088-c1e2d6f8ae0b","49847136","18e1059c-b299-447b-b53e-5b8d49c339c5","""2025-12-12T03:56:44.715Z""","""2025-12-12T03:58:51.248Z""","126","0","0","0","0","0","spanish","completed",,"false","main"
"80c5bbee-9beb-44a3-887b-bd1baf6fc0ef","49847136","97158292-2e62-4eb4-8dbd-8a3c2280f33f","""2025-12-12T03:54:18.181Z""","""2025-12-12T03:56:44.568Z""","146","0","0","0","0","0","spanish","completed",,"false","main"
"23b00035-9769-4fa0-b8c5-b4e77ef41913","49847136","76de1ad3-8b98-44d0-8cd9-bc7fad99f356","""2025-12-12T03:53:16.835Z""","""2025-12-12T03:54:18.046Z""","61","0","0","0","0","0","spanish","completed",,"false","main"
"51871a68-1868-44bb-ba66-5489ce369b88","49847136","ecfed065-cc6a-4127-b53c-9e9715721cf8","""2025-12-12T03:51:38.640Z""","""2025-12-12T03:52:42.028Z""","63","0","0","0","0","0","spanish","completed",,"false","main"
"a57d176a-1286-46f6-a132-5f60f0989c0d","49847136","3a685a78-7ded-4a9b-8656-07b6250a7514","""2025-12-12T03:47:23.676Z""","""2025-12-12T03:51:38.505Z""","254","0","0","0","0","0","spanish","completed",,"false","main"
"f4f78a5c-72c9-4ef6-ad60-5fef204ca5ce","49847136","76d508ae-74d6-4089-b155-199a7ad6108c","""2025-12-12T03:46:45.213Z""","""2025-12-12T03:46:58.720Z""","14","0","0","0","0","0","spanish","completed",,"false","main"
"8efe355f-2c5d-4177-a433-577fe857a6ba","49847136","76d508ae-74d6-4089-b155-199a7ad6108c","""2025-12-12T03:44:37.788Z""","""2025-12-12T03:46:40.047Z""","122","0","0","0","0","0","spanish","completed",,"false","main"
"d9585ae9-fd43-4bb0-89cb-fa8b36e21e81","49847136","ca86117b-0cf9-414a-8aa9-ef5640bc189b","""2025-12-12T03:40:10.420Z""","""2025-12-12T03:44:37.650Z""","267","0","0","0","0","0","spanish","completed",,"false","main"
"39c01689-1beb-4b56-9139-7dec0fb47059","49847136","c9f0123b-19b7-4740-b1ed-ca7c35ef0bbb","""2025-12-12T03:32:27.783Z""","""2025-12-12T03:40:10.283Z""","462","0","0","0","0","0","spanish","completed",,"false","main"
"15e342ad-3c16-4673-9d8f-69b31a4d7a93","49847136","70664fd2-d49f-4dad-a891-8451edcec246","""2025-12-12T03:13:43.203Z""","""2025-12-12T03:32:27.637Z""","1124","0","0","0","0","0","spanish","completed",,"false","main"
"e27776e1-cd06-4242-81db-8101be81bb62","49847136","608ec0f6-8600-4cbc-ba51-68cc86c5ddaf","""2025-12-12T02:55:46.565Z""","""2025-12-12T03:09:36.029Z""","829","0","0","0","0","0","spanish","completed",,"false","main"
"26b7ef78-ce46-4e70-ae44-b5ebead29f4b","49847136","608ec0f6-8600-4cbc-ba51-68cc86c5ddaf","""2025-12-12T02:53:22.574Z""","""2025-12-12T02:55:35.485Z""","132","0","0","0","0","0","spanish","completed",,"false","main"
"3ffebf76-359f-40e7-a016-37c9b53d2bae","49847136","788103e2-5a02-4cfc-a295-f633efc1203b","""2025-12-12T01:17:50.921Z""","""2025-12-12T02:53:22.441Z""","5731","0","0","0","0","0","spanish","completed",,"false","main"
"86c764fa-78f8-49d9-ae36-2c766091cbb2","49847136","76f799d1-464c-4076-9093-26d296bdd943","""2025-12-11T23:34:11.771Z""","""2025-12-12T00:12:19.648Z""","2288","0","0","0","0","0","spanish","completed",,"false","main"
"9b0dfe78-9cc4-4c83-a294-8515f6218c88","49847136","20248615-7f58-464f-bf99-f08932d8667a","""2025-12-11T23:10:05.119Z""","""2025-12-11T23:34:04.473Z""","1439","0","0","0","0","0","spanish","completed",,"false","main"
"479f6152-3a77-4380-a0de-8ad1a4351f6e","49847136","20248615-7f58-464f-bf99-f08932d8667a","""2025-12-11T23:01:30.330Z""","""2025-12-11T23:09:57.901Z""","507","0","0","0","0","0","spanish","completed",,"false","main"
"c8977f13-2784-44e1-acb3-8f12bf40e63c","49847136","09a60e92-4e8b-419e-8de1-f44e5569695a","""2025-12-11T22:45:29.170Z""","""2025-12-11T22:57:04.945Z""","695","0","0","0","0","0","spanish","completed",,"false","main"
"d0e6a77d-292e-45b9-8649-1b32da3f099a","49847136","a86da151-a406-4d25-8698-635948d6825f","""2025-12-11T17:32:39.824Z""","""2025-12-11T22:45:29.035Z""","18769","0","0","0","0","0","spanish","completed",,"false","main"
"5938a0ee-2213-49a1-8718-66b3b865d363","49847136","e648bb08-23f6-40ee-aa19-b7362e571349","""2025-12-11T17:31:16.302Z""","""2025-12-11T17:32:39.688Z""","83","0","0","0","0","0","spanish","completed",,"false","main"
"f2f908d9-a9e0-4e03-98ed-b277cd8c2afc","49847136","afbb260e-4825-4d57-b652-c6be7aea1c74","""2025-12-11T17:29:02.421Z""","""2025-12-11T17:30:43.071Z""","100","0","0","0","0","0","spanish","completed",,"false","main"
"2a4b0a6a-a8ce-4415-b7de-2bc5b63e5c6e","49847136","434c1e57-b36c-4145-b890-fcee0c7e3dae","""2025-12-11T12:06:56.773Z""","""2025-12-11T12:15:29.911Z""","513","0","0","0","0","0","spanish","completed",,"false","main"
"3bb69bea-5c9c-4773-afcb-1556fb7b6fbd","49847136","f443ac2c-f4a7-4941-a532-a122152c79c3","""2025-12-11T11:29:28.196Z""","""2025-12-11T11:49:33.784Z""","1205","0","0","0","0","0","spanish","completed",,"false","main"
"53084787-6ebe-40e7-bd4d-b665fe78b40d","49847136","5782921e-e96a-4884-a972-d279ca9fa502","""2025-12-11T11:14:40.746Z""","""2025-12-11T11:29:28.060Z""","887","0","0","0","0","0","spanish","completed",,"false","main"
"3df1ec0f-0bf0-4853-bd8d-31f0e1c2360a","49847136","5fbb1374-6826-44b1-a9f3-bcdb3448d294","""2025-12-11T11:13:47.126Z""","""2025-12-11T11:14:40.612Z""","53","0","0","0","0","0","spanish","completed",,"false","main"
"68efab72-d9be-4e6c-8656-8da54b37369a","49847136","c47eefd0-17de-4514-be37-e48b3e5496ab","""2025-12-11T11:02:40.276Z""","""2025-12-11T11:13:46.994Z""","666","0","0","0","0","0","spanish","completed",,"false","main"
"74801b09-9100-4211-8ccd-712401d4acdc","49847136","a82b48ee-c1aa-4172-a12f-e400c18881ae","""2025-12-11T10:58:53.236Z""","""2025-12-11T11:02:40.140Z""","226","0","0","0","0","0","spanish","completed",,"false","main"
"de42ae21-c5f3-4501-ade4-70f19a8fe84b","49847136","b16c2c2d-4773-4206-acd7-55043837aceb","""2025-12-11T10:55:35.869Z""","""2025-12-11T10:58:53.094Z""","197","0","0","0","0","0","spanish","completed",,"false","main"
"3528e947-7dad-4c53-bb34-50b0388a29fa","49847136","3df0c752-645b-4ded-ba9d-bb05d2972768","""2025-12-11T09:32:42.160Z""","""2025-12-11T09:42:38.120Z""","595","0","0","0","0","0","spanish","completed",,"false","main"
"0d392fb9-2d97-4c20-833f-49ca110d5214","49847136","6eaafba0-1397-43bc-b239-2767e6d9d54c","""2025-12-11T06:54:04.584Z""","""2025-12-11T07:04:58.464Z""","653","0","0","0","0","0","spanish","completed",,"false","main"
"c9614e2f-f802-4f77-82aa-edad65c9d2df","49847136","941dda4b-d095-400f-8d19-3e8d710f671c","""2025-12-11T06:52:25.248Z""","""2025-12-11T06:54:04.447Z""","99","0","0","0","0","0","spanish","completed",,"false","main"
"2d31bf63-5c14-45b8-bc9b-a7dbb283913b","49847136","6e1dc2c1-30e9-4db1-ad5a-a551f3c9dd28","""2025-12-11T06:50:44.885Z""","""2025-12-11T06:52:25.123Z""","100","0","0","0","0","0","spanish","completed",,"false","main"
"b983a25f-2023-4d96-ae01-49efa483501d","49847136","268ea28b-d2b4-49ff-884d-7caa20b6b040","""2025-12-11T06:33:05.946Z""","""2025-12-11T06:50:44.748Z""","1058","0","0","0","0","0","spanish","completed",,"false","main"
"4a4cc7c1-3e35-45a1-ac07-9694b42c46a1","49847136","88b12ebf-7024-4511-aefb-1f5e8d80376a","""2025-12-11T06:08:38.906Z""","""2025-12-11T06:33:05.807Z""","1466","0","0","0","0","0","spanish","completed",,"false","main"
"511018a7-0123-47ef-ad9d-623b95f6e984","49847136","2ca87ff4-0f7b-4094-bf9d-e1c725f279ea","""2025-12-11T06:04:55.168Z""","""2025-12-11T06:08:38.771Z""","223","0","0","0","0","0","spanish","completed",,"false","main"
"844b0bf3-c4b4-4bdc-8261-38cbeb411a67","49847136","0cc05d75-ddc1-47bd-a37c-4ec06f975829","""2025-12-11T06:02:12.640Z""","""2025-12-11T06:04:55.035Z""","162","0","0","0","0","0","spanish","completed",,"false","main"
"a3a7703f-8556-4629-a540-76a06f09a02b","49847136","0cc05d75-ddc1-47bd-a37c-4ec06f975829","""2025-12-11T05:54:26.008Z""","""2025-12-11T05:59:51.749Z""","325","0","0","0","0","0","spanish","completed",,"false","main"